{
    "n_estimators": 508,
    "learning_rate": 0.01437881911692181,
    "max_depth": 4,
    "min_child_weight": 2,
    "subsample": 0.7111248683577565,
    "colsample_bytree": 0.8521378127528084,
    "reg_alpha": 3.0219852287285638e-05,
    "reg_lambda": 0.011625294519383588,
    "use_base_models_pred_intervals": false,
    "cv_folds_base": 30
}