{
    "trial_id": 0,
    "best_value": 1393.3166027159762,
    "params": {
        "l1_ratio": 0.053851148703567144,
        "alpha": 8.348656789324485e-05,
        "cv_folds_base": 35,
        "use_base_models_pred_intervals": false
    }
}