{
    "n_estimators": 544,
    "learning_rate": 0.06117545880036143,
    "max_depth": 3,
    "min_child_weight": 10,
    "subsample": 0.8101147719717685,
    "colsample_bytree": 0.5193555075019902,
    "reg_alpha": 1.2312584143085906e-08,
    "reg_lambda": 1.073282688806088e-08,
    "use_base_models_pred_intervals": false,
    "cv_folds_base": 35
}