{
    "trial_id": 19,
    "best_value": 1057.2673362771893,
    "params": {
        "n_estimators": 633,
        "learning_rate": 0.017453984091322622,
        "max_depth": 6,
        "min_child_weight": 4,
        "subsample": 0.7660723268424752,
        "colsample_bytree": 0.6437923358479766,
        "reg_alpha": 0.001069785132230862,
        "reg_lambda": 4.547851120924241e-07,
        "use_base_models_pred_intervals": false,
        "cv_folds_base": 35
    }
}