{
    "trial_id": 17,
    "best_value": 1662.0946878930383,
    "params": {
        "n_estimators": 992,
        "learning_rate": 0.021298230394599858,
        "max_depth": 3,
        "min_child_weight": 8,
        "subsample": 0.6851813231978537,
        "colsample_bytree": 0.5004667786259274,
        "reg_alpha": 0.001382329961260893,
        "reg_lambda": 0.1684254658558762,
        "use_base_models_pred_intervals": false,
        "cv_folds_base": 35
    }
}