{
    "trial_id": 10,
    "best_value": 0.4060509749617285,
    "params": {
        "l1_ratio": 0.04205953536811567,
        "alpha": 0.4044526573670211
    }
}