Parameter,Value
l1_ratio,0.04205953536811567
alpha,0.4044526573670211
