Parameter,Value
l1_ratio,0.02908789371912568
alpha,0.012078409002824697
