{
    "trial_id": 15,
    "best_value": 0.32165109215718024,
    "params": {
        "iterations": 541,
        "learning_rate": 0.024086025945052124,
        "depth": 5,
        "l2_leaf_reg": 6.540622642271183,
        "random_strength": 5.599781664271647e-05,
        "bagging_temperature": 0.6729816558740163,
        "border_count": 167,
        "grow_policy": "SymmetricTree",
        "leaf_estimation_iterations": 10,
        "colsample_bylevel": 0.5676926161840494
    }
}