{
    "l1_ratio": 0.5288230266872994,
    "alpha": 0.012989413531863121
}