{
    "l1_ratio": 0.4832661423263461,
    "alpha": 0.010433712243308397
}