{
    "n_estimators": 895,
    "learning_rate": 0.013282576573201718,
    "num_leaves": 36,
    "max_depth": 3,
    "min_child_samples": 44,
    "subsample": 0.6673929021890919,
    "colsample_bytree": 0.8390334225949507,
    "reg_alpha": 2.0063187047671315e-05,
    "reg_lambda": 0.008276745656015546,
    "min_split_gain": 0.3797897842603447
}