{
    "trial_id": 31,
    "best_value": 0.8867161811492226,
    "params": {
        "l1_ratio": 0.5169165797768622,
        "alpha": 0.012965622786696558
    }
}