{
    "trial_id": 13,
    "best_value": 0.34655654098802396,
    "params": {
        "l1_ratio": 0.03713380078225045,
        "alpha": 0.01209870122226215
    }
}