Parameter,Value
l1_ratio,0.03713380078225045
alpha,0.01209870122226215
