{
    "trial_id": 11,
    "best_value": 0.5276295899776324,
    "params": {
        "l1_ratio": 0.9832701230432744,
        "alpha": 0.4276666314891246
    }
}