{
    "trial_id": 32,
    "best_value": 0.40496473211117534,
    "params": {
        "l1_ratio": 0.5288230266872994,
        "alpha": 0.012989413531863121
    }
}