Parameter,Value
l1_ratio,0.9832701230432744
alpha,0.4276666314891246
