{
    "n_estimators": 815,
    "learning_rate": 0.07077221488127607,
    "max_depth": 3,
    "min_child_weight": 5,
    "subsample": 0.780831999568541,
    "colsample_bytree": 0.8691837692553828,
    "reg_alpha": 0.003967678634057092,
    "reg_lambda": 2.1477820931542306e-05,
    "use_base_models_pred_intervals": false,
    "cv_folds_base": 35
}