{
    "trial_id": 4,
    "best_value": 0.28810878806681794,
    "params": {
        "n_estimators": 892,
        "learning_rate": 0.010880608600511505,
        "num_leaves": 139,
        "max_depth": 10,
        "min_child_samples": 24,
        "subsample": 0.9395498536491989,
        "colsample_bytree": 0.5171954071738654,
        "reg_alpha": 0.00011617472773707713,
        "reg_lambda": 0.0004186049082817628,
        "min_split_gain": 0.14188131106749363
    }
}