{
    "trial_id": 35,
    "best_value": 0.9543236878226526,
    "params": {
        "l1_ratio": 0.38478011436338866,
        "alpha": 0.3066052808079468
    }
}