Parameter,Value
l1_ratio,0.5790226122442442
alpha,0.013348824693491787
