{
    "trial_id": 14,
    "best_value": 0.2967551769516764,
    "params": {
        "l1_ratio": 0.5790226122442442,
        "alpha": 0.013348824693491787
    }
}