Parameter,Value
l1_ratio,0.38478011436338866
alpha,0.3066052808079468
