{
    "n_estimators": 982,
    "learning_rate": 0.02442200401131113,
    "num_leaves": 15,
    "max_depth": 3,
    "min_child_samples": 5,
    "subsample": 0.6873452870481691,
    "colsample_bytree": 0.5828183208462945,
    "reg_alpha": 6.708010981749805e-05,
    "reg_lambda": 0.003023426510213814,
    "min_split_gain": 0.34179338375238155
}