{
    "n_estimators": 401,
    "learning_rate": 0.01069431303269672,
    "max_depth": 8,
    "min_child_weight": 4,
    "subsample": 0.7830368746586991,
    "colsample_bytree": 0.9025802003877774,
    "reg_alpha": 8.951627855233084e-07,
    "reg_lambda": 1.531000274083596e-05,
    "use_base_models_pred_intervals": false,
    "cv_folds_base": 35
}