{
    "n_estimators": 753,
    "learning_rate": 0.011922486863487946,
    "max_depth": 3,
    "min_child_weight": 6,
    "subsample": 0.5589545338280981,
    "colsample_bytree": 0.5399732820887306,
    "reg_alpha": 0.0003700176415367321,
    "reg_lambda": 4.0946607745957975e-08,
    "cv_folds_base": 35,
    "use_base_models_pred_intervals": false
}