{
    "l1_ratio": 0.6311504650519009,
    "alpha": 0.012187569215936188
}