{
    "trial_id": 14,
    "best_value": 0.4176850545273925,
    "params": {
        "l1_ratio": 0.6311504650519009,
        "alpha": 0.012187569215936188
    }
}