{
    "trial_id": 21,
    "best_value": 0.3765373821285535,
    "params": {
        "l1_ratio": 0.4832661423263461,
        "alpha": 0.010433712243308397
    }
}