{
    "n_estimators": 1000,
    "learning_rate": 0.010012719432307537,
    "max_depth": 3,
    "min_child_weight": 1,
    "subsample": 0.8280341042556116,
    "colsample_bytree": 0.8756634227101845,
    "reg_alpha": 0.013054014003861239,
    "reg_lambda": 0.45998991194707367,
    "use_base_models_pred_intervals": false,
    "cv_folds_base": 35
}