{
    "trial_id": 18,
    "best_value": 0.35658456302382036,
    "params": {
        "iterations": 933,
        "learning_rate": 0.015339952834189282,
        "depth": 9,
        "l2_leaf_reg": 4.0691035785462756e-05,
        "random_strength": 7.191232926003409e-05,
        "bagging_temperature": 0.41839188764078283,
        "border_count": 197,
        "grow_policy": "Lossguide",
        "leaf_estimation_iterations": 8,
        "colsample_bylevel": 0.6107408448705873
    }
}