{
    "trial_id": 13,
    "best_value": 0.4281747551799059,
    "params": {
        "l1_ratio": 0.02908789371912568,
        "alpha": 0.012078409002824697
    }
}