{
    "trial_id": 17,
    "best_value": 0.35902731502072793,
    "params": {
        "n_estimators": 304,
        "learning_rate": 0.026191680251861554,
        "num_leaves": 11,
        "max_depth": 12,
        "min_child_samples": 61,
        "subsample": 0.6279149411249758,
        "colsample_bytree": 0.8515869930675216,
        "reg_alpha": 0.000452862364439251,
        "reg_lambda": 0.017372584640419457,
        "min_split_gain": 0.49442541850637156
    }
}