{
    "l1_ratio": 0.008525115225753015,
    "alpha": 4.591414042300636e-05
}