{
    "l1_ratio": 0.5169165797768622,
    "alpha": 0.012965622786696558
}