{
    "trial_id": 4,
    "best_value": 1.9973045282918238,
    "params": {
        "iterations": 423,
        "learning_rate": 0.01936315196044182,
        "depth": 4,
        "l2_leaf_reg": 1.805735230035692e-06,
        "random_strength": 5.412772685849329e-07,
        "bagging_temperature": 0.08619709797570396,
        "border_count": 34,
        "grow_policy": "SymmetricTree",
        "leaf_estimation_iterations": 7,
        "colsample_bylevel": 0.5890488492231805
    }
}