{
    "trial_id": 14,
    "best_value": 0.3937442155855541,
    "params": {
        "iterations": 549,
        "learning_rate": 0.03934599737298226,
        "depth": 11,
        "l2_leaf_reg": 0.004145586279554485,
        "random_strength": 0.0007218015650456611,
        "bagging_temperature": 0.2538289986392461,
        "border_count": 247,
        "grow_policy": "Depthwise",
        "leaf_estimation_iterations": 8,
        "colsample_bylevel": 0.8658882337871543
    }
}